{"cameraMode":{"drawMode":0,"name":"Shaded","section":"Shading Mode"},"sceneLighting":true,"audioPlay":false,"sceneViewState":{"m_AlwaysRefresh":false,"showFog":true,"showSkybox":true,"showFlares":true,"showImageEffects":true,"showParticleSystems":true,"showVisualEffectGraphs":true,"m_FxEnabled":true},"in2DMode":false,"pivot":{"x":4.5815606117248539,"y":11.21346378326416,"z":0.9455563426017761},"rotation":{"x":0.0093088299036026,"y":0.011994440108537674,"z":-0.00011170728248544037,"w":0.9998844861984253},"size":19.85272216796875,"orthographic":false}